Timestamp,Gender:,What is your employment status?,"What do you read, if any?","Which book genres do you like, if any?","Which film genres do you like, if any?",What is your relationship status?,"Including yourself, how many people live in your household?","Which gadgets do you possess, if any?",How do you live?,How many children do you have?,What kind of residence do you live in?,Are you in charge of the housekeeping?,What is your monthly income before taxes?,,"The last time you made a major purchase, did you:",What is most important to you when you purchase a product?,Year of birth:,,,,,"What are your previous experience with fake profiles, if any?"
24/03/2015 17:36:28,Female,Studying,"Books, Magazines, Specialist books","Novels, Scientific articles","Comedies, Dramas, Documentaries, Romantic films, Art film",Married,Four or more,"A smartphone, A tablet, An MP3-player, A Computer",,Three,In a mansion or larger home,Yes,,,Let rational thought decide more than emotions,Test results and reviews,1961,,,,,
24/03/2015 16:42:00,Male,Studying,"Books, Magazines, Newspapers, Specialist books","Novels, Comedies, Biographies","Crime and gangster, Comedies, Sport",Single,Four or more,"A smartphone, A Computer",,None,In a mansion or larger home,No,Less than 750 €,,Let emotions decide more than rational thought,The brand,1996,,,,,
24/03/2015 16:42:21,Male,Full time,"Books, Magazines, Newspapers, Specialist books","Thrillers, Scientific articles","Crime and gangster, Comedies, Dramas, Thrillers","In a relationsship, but unmarried",Two,"A smartphone, An MP3-player, A Computer",,None,In a house,Partially,More than 4000 €,,Let rational thought decide completely,Test results and reviews,1959,,,,,
24/03/2015 16:43:24,Male,Part time,"Books, Newspapers, Specialist books, eBooks","Novels, Biographies, Scientific articles",,Single,I live alone,"A Computer, An eBook-reader",,None,In an apartment,Yes,2000 - 3000 €,,Both - 50/50,Test results and reviews,1977,,,,,
24/03/2015 16:45:20,Male,Full time,"Books, Magazines, Newspapers, Specialist books","Novels, Comedies, Biographies, Comics, Scientific articles","Dramas, Documentaries, Art film","In a relationsship, but unmarried",I live alone,"A smartphone, A Computer",,Two,In a house,Yes,750 -1000 €,,Let rational thought decide completely,Test results and reviews,1955,,,,,
24/03/2015 16:49:00,Male,Unemployed,eBooks,"Novels, Thrillers",Comedies,Married,Two,"A tablet, An MP3-player, A Computer, An eBook-reader",,One,Homeless,Partially,2000 - 3000 €,,Let emotions decide more than rational thought,Test results and reviews,1944,,,,,
24/03/2015 16:55:00,Male,Studying,"Books, Magazines, Newspapers, Specialist books","Comedies, Biographies, Comics, Scientific articles","Crime and gangster, Comedies, Sport, Thrillers, Art film",Single,Four or more,"A smartphone, A Computer",,None,In a house,Yes,Less than 750 €,,Let emotions decide more than rational thought,The price,1993,,,,,
24/03/2015 17:00:22,Male,Unemployed,eBooks,"Novels, Biographies, Comics, Scientific articles","Dramas, Documentaries, Art film","In a relationsship, but unmarried",I live alone,"A smartphone, A tablet, An MP3-player",,None,Homeless,Yes,Less than 750 €,,Let rational thought decide more than emotions,The price,1976,,,,,
24/03/2015 17:05:27,Male,Full time,"Books, Magazines, Newspapers, eBooks","Novels, Thrillers, Biographies","Crime and gangster, Dramas, Thrillers",It's complicated,Two,"A tablet, An MP3-player, A Computer, An eBook-reader",,None,In a house,Yes,More than 4000 €,,Let rational thought decide more than emotions,Test results and reviews,1920,,,,,
24/03/2015 17:11:13,Female,Full time,"Books, Magazines, eBooks","Novels, Thrillers, Biographies","Crime and gangster, Comedies, Dramas, Thrillers, Documentaries, Romantic films","In a relationsship, but unmarried",Two,"A smartphone, A tablet, An MP3-player, A Computer, An eBook-reader",,None,In an apartment,Yes,More than 4000 €,,Let rational thought decide more than emotions,Test results and reviews,1969,,,,,
24/03/2015 17:27:54,Male,Unemployed,"Books, Magazines, Newspapers, eBooks","Thrillers, Comedies","Crime and gangster, Comedies, Dramas, Thrillers, Romantic films",Divorced,I live alone,"A smartphone, A tablet, An MP3-player, A Computer, An eBook-reader",,Two,In a house,Partially,3000 - 4000 €,,Let rational thought decide more than emotions,Test results and reviews,1968,,,,,
24/03/2015 17:38:06,Male,Full time,"Books, Magazines, Newspapers, Specialist books, eBooks","Novels, Scientific articles","Comedies, Documentaries, Romantic films",Married,Four or more,"A smartphone, A tablet, An MP3-player, A Computer, An eBook-reader",,Three,In a house,Yes,,,Let rational thought decide completely,The price,1965,,,,,
24/03/2015 17:42:35,Male,Retired,"Books, Magazines, Newspapers, Specialist books, eBooks","Novels, Thrillers, Biographies, Scientific articles","Comedies, Dramas, Thrillers, Documentaries, Art film",Single,I live alone,"A smartphone, An MP3-player, A Computer, An eBook-reader",,Three,Homeless,Yes,Less than 750 €,,Let rational thought decide more than emotions,Test results and reviews,1964,,,,,
24/03/2015 17:53:50,Female,Unemployed,Specialist books,Scientific articles,Documentaries,It's complicated,Four or more,,,Four or more,Homeless,Yes,Less than 750 €,,Both - 50/50,The envy of others,1925,,,,,
24/03/2015 18:03:08,Male,Full time,"Books, Magazines, Specialist books","Novels, Thrillers, Comedies","Crime and gangster, Comedies, Dramas, Sport, Thrillers, Documentaries","In a relationsship, but unmarried",I live alone,"A smartphone, A tablet, A Computer",,None,In a house,Yes,,,Let rational thought decide more than emotions,Test results and reviews,1980,,,,,
24/03/2015 18:24:35,Male,Studying,Books,Scientific articles,Comedies,Single,Three,"A smartphone, A Computer",,None,In a shared apartment,Partially,1500 - 2000 €,,Let rational thought decide more than emotions,Test results and reviews,1988,,,,,
24/03/2015 18:33:11,Male,Retired,"Books, Magazines","Thrillers, Biographies","Sport, Documentaries","In a relationsship, but unmarried",Two,"A smartphone, An MP3-player",,Three,In an apartment,No,More than 4000 €,,Both - 50/50,The price,1948,,,,,
24/03/2015 18:39:28,Female,Part time,"Books, eBooks","Novels, Biographies","Comedies, Dramas, Documentaries, Romantic films",Married,Two,"A smartphone, A tablet, A Computer, An eBook-reader",,Two,In a house,Yes,3000 - 4000 €,,Let emotions decide more than rational thought,Test results and reviews,1946,,,,,
24/03/2015 18:40:08,Male,Retired,"Books, Newspapers, eBooks",Novels,Dramas,Single,I live alone,,,Three,In a house,Yes,2000 - 3000 €,,Let rational thought decide more than emotions,Test results and reviews,1948,,,,,
24/03/2015 19:09:15,Male,Studying,"Books, Magazines, Newspapers, Specialist books","Novels, Thrillers, Scientific articles","Crime and gangster, Thrillers, Documentaries, Art film","In a relationsship, but unmarried",Two,"A smartphone, A Computer",,None,In an apartment,Yes,Less than 750 €,,Let rational thought decide more than emotions,The price,1991,,,,,
24/03/2015 19:31:59,Male,Studying,"Books, Newspapers, Specialist books","Comics, Scientific articles","Crime and gangster, Thrillers, Documentaries",Single,I live alone,"A smartphone, A Computer",,None,In an apartment,Yes,1500 - 2000 €,,Let rational thought decide completely,Test results and reviews,1987,,,,,
24/03/2015 19:36:27,Male,Studying,"Books, Magazines","Novels, Biographies","Crime and gangster, Comedies, Dramas, Sport, Thrillers, Documentaries, Romantic films, Art film",Single,I live alone,"A smartphone, A Computer",,None,In an apartment,Yes,750 -1000 €,,Let rational thought decide completely,The price,1991,,,,,
24/03/2015 19:36:42,Female,Full time,Books,"Novels, Thrillers, Comedies","Crime and gangster, Dramas, Documentaries",Single,Two,"A smartphone, A tablet, A Computer",,None,In a shared apartment,Partially,More than 4000 €,,Let emotions decide more than rational thought,Test results and reviews,1988,,,,,
24/03/2015 19:37:17,Male,Studying,Books,"Novels, Comedies, Comics, Scientific articles","Crime and gangster, Comedies, Documentaries",Single,Four or more,"A smartphone, A Computer",,None,In a shared apartment,Partially,750 -1000 €,,Let rational thought decide completely,Test results and reviews,1992,,,,,
24/03/2015 19:37:26,Male,Full time,Newspapers,Thrillers,"Crime and gangster, Dramas, Thrillers",Single,I live alone,"A smartphone, A tablet, A Computer",,None,In an apartment,Yes,1500 - 2000 €,,Let your emotions alone decide,Test results and reviews,1993,,,,,
24/03/2015 19:37:26,Female,Unemployed,eBooks,"Thrillers, Biographies","Crime and gangster, Comedies, Sport, Thrillers, Documentaries, Romantic films",Single,I live alone,"A smartphone, A Computer, An eBook-reader",,None,Homeless,Yes,Less than 750 €,,Both - 50/50,Test results and reviews,1991,,,,,
24/03/2015 19:39:13,Male,Studying with a study job,"Magazines, Newspapers","Comedies, Scientific articles","Crime and gangster, Comedies, Dramas, Thrillers, Romantic films",It's complicated,Three,"A smartphone, A tablet, An MP3-player, A Computer",,None,In a mansion or larger home,Partially,More than 4000 €,,Both - 50/50,Test results and reviews,1994,,,,,
24/03/2015 19:39:27,Male,Full time,"Books, Magazines, Specialist books, eBooks","Biographies, Scientific articles","Crime and gangster, Comedies, Dramas, Sport, Documentaries",Single,Three,"A smartphone, An MP3-player, A Computer, An eBook-reader",,None,In an apartment,Partially,750 -1000 €,,Let rational thought decide more than emotions,The price,1990,,,,,
24/03/2015 19:39:38,Female,Unemployed,"Books, Magazines, eBooks","Novels, Comedies, Comics, Scientific articles","Comedies, Dramas, Documentaries, Romantic films",Married,Four or more,"An MP3-player, A Computer, An eBook-reader",,None,In a house,Yes,,,Let rational thought decide more than emotions,The price,1985,,,,,
24/03/2015 19:39:50,Male,Studying with a study job,"Magazines, Newspapers, Specialist books",Biographies,"Crime and gangster, Sport, Thrillers","In a relationsship, but unmarried",Two,"A smartphone, A Computer",,None,In an apartment,No,1500 - 2000 €,,Both - 50/50,The brand,1991,,,,,
24/03/2015 19:40:17,Male,Part time,"Books, Magazines, Newspapers, Specialist books, eBooks","Novels, Scientific articles","Dramas, Documentaries, Art film","In a relationsship, but unmarried",I live alone,"A smartphone, A tablet, A Computer",,None,In an apartment,Yes,1000 - 1500 €,,Let rational thought decide more than emotions,Test results and reviews,1969,,,,,
24/03/2015 19:40:48,Male,Retired,"Books, Magazines, Newspapers, Specialist books, eBooks","Novels, Thrillers, Comedies, Biographies, Comics, Scientific articles","Crime and gangster, Comedies, Dramas, Sport, Thrillers, Documentaries, Romantic films, Art film",Married,Two,"A smartphone, A tablet, An MP3-player, A Computer",,None,In a house,Yes,,,Both - 50/50,Test results and reviews,1954,,,,,
24/03/2015 19:45:27,Male,Studying,,"Comics, Scientific articles",Comedies,"In a relationsship, but unmarried",Four or more,"A smartphone, A Computer",,None,In a shared apartment,Yes,Less than 750 €,,Let rational thought decide more than emotions,The price,1992,,,,,
24/03/2015 19:56:10,Male,Studying,,,"Comedies, Thrillers, Documentaries, Art film",Single,I live alone,"A smartphone, A Computer",,None,In an apartment,Yes,750 -1000 €,,Let rational thought decide more than emotions,Test results and reviews,1984,,,,,
24/03/2015 19:56:40,Male,Studying,"Books, Magazines, Newspapers, Specialist books",Novels,"Comedies, Dramas, Documentaries",Single,Four or more,"An MP3-player, A Computer",,None,In a shared apartment,Partially,750 -1000 €,,Let rational thought decide more than emotions,The price,1992,,,,,
24/03/2015 19:57:00,Male,Unemployed,,,"Comedies, Dramas, Sport, Thrillers",Single,Three,"A smartphone, An MP3-player",,None,In a house,No,Less than 750 €,,Let rational thought decide more than emotions,Test results and reviews,1993,,,,,
24/03/2015 20:02:47,Female,Studying,Books,"Novels, Scientific articles","Comedies, Dramas, Romantic films",Single,I live alone,"A smartphone, A Computer",,None,In an apartment,Yes,,,Both - 50/50,Test results and reviews,1992,,,,,
24/03/2015 20:05:08,Male,Full time,Books,"Novels, Comedies, Biographies, Scientific articles","Dramas, Romantic films",It's complicated,Four or more,"A smartphone, An MP3-player, A Computer",,None,In a house,No,3000 - 4000 €,,Let rational thought decide more than emotions,Test results and reviews,1989,,,,,
24/03/2015 20:09:02,Female,Retired,"Books, Magazines, Newspapers, Specialist books, eBooks","Novels, Biographies, Scientific articles","Comedies, Documentaries",Single,I live alone,"A smartphone, A tablet, An MP3-player, A Computer",,None,In a house,Yes,,,Let rational thought decide more than emotions,Test results and reviews,1960,,,,,
24/03/2015 20:09:10,Male,Full time,Newspapers,Scientific articles,"Thrillers, Documentaries",Single,Two,"A smartphone, An MP3-player, A Computer",,None,In a shared apartment,Partially,2000 - 3000 €,,Let rational thought decide more than emotions,The price,1977,,,,,
24/03/2015 20:25:39,Male,Studying,"Books, Newspapers","Novels, Thrillers","Comedies, Dramas, Thrillers",Single,I live alone,"A smartphone, A Computer",,None,In an apartment,Partially,750 -1000 €,,Let your emotions alone decide,Test results and reviews,1996,,,,,
24/03/2015 20:29:07,Male,Studying,,,"Comedies, Sport, Documentaries",Single,Four or more,"A smartphone, A tablet, A Computer",,None,In a house,No,Less than 750 €,,Let rational thought decide more than emotions,Test results and reviews,1993,,,,,
24/03/2015 20:29:56,Male,Studying,,,"Comedies, Thrillers","In a relationsship, but unmarried",Two,"A smartphone, A tablet, A Computer",,None,In an apartment,Partially,,,Let rational thought decide completely,Test results and reviews,1994,,,,,
24/03/2015 20:33:21,Male,Studying with a study job,Newspapers,Scientific articles,"Crime and gangster, Thrillers, Documentaries","In a relationsship, but unmarried",Two,"A smartphone, A tablet, A Computer",,None,In a house,Partially,1000 - 1500 €,,Let rational thought decide more than emotions,The brand,1991,,,,,
24/03/2015 20:36:28,Female,Studying,"Books, Magazines, Newspapers, Specialist books","Novels, Thrillers, Comedies","Comedies, Dramas, Thrillers, Romantic films",Single,Four or more,"A smartphone, A tablet, A Computer",,None,In a shared apartment,Partially,750 -1000 €,,Both - 50/50,The price,1991,,,,,
24/03/2015 20:44:56,Male,Full time,"Books, Magazines, Newspapers, Specialist books, eBooks",Thrillers,"Crime and gangster, Comedies, Thrillers, Documentaries",Single,Two,"A smartphone, A tablet, A Computer",,None,In a shared apartment,Partially,More than 4000 €,,Let rational thought decide more than emotions,Test results and reviews,1980,,,,,
24/03/2015 21:03:37,Female,Full time,"Books, Newspapers",Novels,"Crime and gangster, Comedies, Dramas, Thrillers, Art film","In a relationsship, but unmarried",Three,"A smartphone, An MP3-player, A Computer",,One,In a house,Partially,2000 - 3000 €,,Let rational thought decide more than emotions,Test results and reviews,1981,,,,,
24/03/2015 21:09:46,Male,Unemployed,,,"Comedies, Sport, Documentaries",Single,Three,A smartphone,,None,In a house,Partially,1500 - 2000 €,,Let rational thought decide completely,Test results and reviews,1988,,,,,
24/03/2015 21:12:17,Male,Studying with a study job,"Books, Specialist books","Novels, Thrillers, Comics, Scientific articles","Crime and gangster, Comedies, Thrillers, Documentaries","In a relationsship, but unmarried",Four or more,"A smartphone, An MP3-player, A Computer, An eBook-reader",,None,In a shared apartment,Partially,1000 - 1500 €,,Both - 50/50,The price,1990,,,,,
24/03/2015 22:39:00,Male,Studying with a study job,"Books, Magazines, Newspapers","Comedies, Biographies, Comics, Scientific articles","Crime and gangster, Comedies, Dramas, Thrillers","In a relationsship, but unmarried",I live alone,"A smartphone, A Computer",,None,In an apartment,Yes,750 -1000 €,,Let rational thought decide completely,Test results and reviews,1984,,,,,
24/03/2015 22:53:35,Male,Retired,"Books, Magazines","Thrillers, Biographies, Scientific articles","Crime and gangster, Comedies, Dramas, Sport, Thrillers, Documentaries",Married,Two,"A smartphone, A tablet, A Computer, An eBook-reader",,Four or more,In a house,Partially,More than 4000 €,,Both - 50/50,Test results and reviews,1951,,,,,
24/03/2015 22:54:19,Male,Full time,"Books, Magazines, Specialist books, eBooks","Biographies, Scientific articles","Crime and gangster, Comedies, Dramas, Thrillers, Documentaries",Divorced,I live alone,"A smartphone, A Computer, An eBook-reader",,Three,In a house,Yes,1500 - 2000 €,,Let rational thought decide completely,The price,1955,,,,,
24/03/2015 23:37:50,Female,Studying,Books,"Novels, Thrillers, Comedies","Comedies, Dramas, Romantic films, Art film",Single,I live alone,"A Computer",,None,In an apartment,Yes,750 -1000 €,,Both - 50/50,The price,1992,,,,,
24/03/2015 23:58:13,Male,Studying,"Books, Magazines, eBooks","Novels, Thrillers, Biographies","Crime and gangster, Comedies, Dramas, Sport, Thrillers, Documentaries, Art film",Single,I live alone,"A smartphone, A Computer",,None,In an apartment,Partially,1500 - 2000 €,,Let rational thought decide more than emotions,Test results and reviews,1987,,,,,
25/03/2015 04:01:42,Male,Retired,"Books, Magazines, Newspapers, Specialist books","Novels, Thrillers, Scientific articles","Comedies, Dramas, Thrillers, Documentaries",Married,Two,"A smartphone, A Computer",,Two,In a house,Partially,More than 4000 €,,Let rational thought decide more than emotions,Test results and reviews,1958,,,,,
25/03/2015 06:30:18,Female,Full time,"Books, Newspapers, Specialist books","Biographies, Scientific articles","Comedies, Dramas, Documentaries, Romantic films","In a relationsship, but unmarried",Two,"A smartphone, A tablet, A Computer, An eBook-reader",,None,In an apartment,Partially,3000 - 4000 €,,Let rational thought decide completely,The price,1988,,,,,
25/03/2015 08:18:58,Female,Full time,"Books, Magazines, Newspapers","Thrillers, Biographies","Crime and gangster, Comedies, Dramas, Thrillers, Romantic films","In a relationsship, but unmarried",Three,"A smartphone, A tablet, A Computer",,One,In a house,Partially,3000 - 4000 €,,Let emotions decide more than rational thought,Test results and reviews,1980,,,,,
25/03/2015 08:19:54,Female,Part time,eBooks,Thrillers,Crime and gangster,Married,Two,"A smartphone, A tablet, An MP3-player, A Computer, An eBook-reader",,Two,In a house,Partially,3000 - 4000 €,,Both - 50/50,The price,1966,,,,,
25/03/2015 08:21:22,Female,Studying with a study job,"Books, Newspapers, Specialist books","Thrillers, Scientific articles","Crime and gangster, Comedies, Sport, Thrillers, Documentaries, Romantic films","In a relationsship, but unmarried",Two,"A smartphone, A tablet, An MP3-player, A Computer",,None,In an apartment,Yes,,,Let rational thought decide more than emotions,The price,1992,,,,,
25/03/2015 08:23:40,Female,Studying,Books,Thrillers,"Crime and gangster, Comedies, Dramas, Romantic films","In a relationsship, but unmarried",Two,"A smartphone, An MP3-player, A Computer",,None,In an apartment,Partially,Less than 750 €,,Let emotions decide more than rational thought,The price,1992,,,,,
25/03/2015 08:24:04,Male,Studying with a study job,,Comedies,"Comedies, Dramas, Romantic films","In a relationsship, but unmarried",Three,"A smartphone, A Computer",,None,In a house,No,More than 4000 €,,Let rational thought decide completely,The price,1997,,,,,
25/03/2015 08:29:13,Female,Part time,"Books, eBooks","Novels, Comedies","Crime and gangster, Comedies, Dramas, Thrillers, Romantic films",Single,Three,"A smartphone, A tablet",,None,In a house,Partially,1500 - 2000 €,,Both - 50/50,The price,1991,,,,,
25/03/2015 08:30:47,Male,Studying with a study job,"Books, Newspapers","Novels, Comedies, Comics, Scientific articles","Crime and gangster, Comedies, Thrillers, Romantic films",Single,Four or more,"A smartphone, A Computer",,None,In a house,No,Less than 750 €,,Both - 50/50,Test results and reviews,1997,,,,,
25/03/2015 08:35:40,Male,Part time,Books,Biographies,,"In a relationsship, but unmarried",I live alone,A smartphone,,None,In a shared apartment,Yes,750 -1000 €,,Both - 50/50,Test results and reviews,1992,,,,,
25/03/2015 08:38:52,Male,Studying with a study job,"Books, Magazines, Newspapers, Specialist books","Biographies, Scientific articles","Crime and gangster, Comedies, Dramas, Sport, Thrillers, Documentaries, Romantic films, Art film","In a relationsship, but unmarried",Four or more,"A smartphone, A tablet, A Computer",,None,In a shared apartment,Yes,750 -1000 €,,Let your emotions alone decide,Test results and reviews,1994,,,,,
25/03/2015 08:46:57,Female,Studying,"Books, Magazines","Thrillers, Comics","Crime and gangster, Comedies, Dramas, Thrillers, Documentaries, Romantic films, Art film","In a relationsship, but unmarried",Three,A smartphone,,None,In a house,No,,,Let emotions decide more than rational thought,The brand,1994,,,,,
25/03/2015 08:48:57,Male,Studying,"Books, Newspapers","Thrillers, Comedies, Biographies, Comics","Comedies, Thrillers, Documentaries","In a relationsship, but unmarried",Four or more,"A smartphone, A tablet, A Computer",,None,In a house,Partially,Less than 750 €,,Both - 50/50,Test results and reviews,1996,,,,,
25/03/2015 08:53:53,Male,Studying,Newspapers,Thrillers,Thrillers,"In a relationsship, but unmarried",Two,"A smartphone, A Computer",,None,In an apartment,Partially,,,Both - 50/50,The brand,1991,,,,,
25/03/2015 08:55:33,Male,Studying,,,,Single,I live alone,"A smartphone, A tablet",,None,In a mansion or larger home,Yes,,,Let rational thought decide more than emotions,The envy of others,1993,,,,,
25/03/2015 08:55:29,Male,Studying,"Books, Magazines, Newspapers, eBooks","Novels, Comics, Scientific articles","Crime and gangster, Sport, Thrillers",Single,I live alone,"A smartphone, A Computer, An eBook-reader",,None,In an apartment,Yes,750 -1000 €,,Let rational thought decide more than emotions,Test results and reviews,1992,,,,,
25/03/2015 08:56:08,Male,Studying,,,"Crime and gangster, Comedies, Documentaries",Single,I live alone,"A smartphone, A tablet, An MP3-player, A Computer",,None,In an apartment,Yes,750 -1000 €,,Let emotions decide more than rational thought,The price,1994,,,,,
25/03/2015 08:56:11,Male,Full time,Books,"Novels, Comedies, Scientific articles","Crime and gangster, Comedies, Thrillers",Single,Three,"A smartphone, A Computer, An eBook-reader",,None,In a house,Partially,3000 - 4000 €,,Let rational thought decide completely,Test results and reviews,1994,,,,,
25/03/2015 08:56:26,Female,Studying with a study job,Books,"Novels, Comedies, Scientific articles","Comedies, Documentaries","In a relationsship, but unmarried",Four or more,"A smartphone, A Computer",,Two,In an apartment,Yes,,,Let rational thought decide more than emotions,The price,1989,,,,,
25/03/2015 09:03:50,Female,Part time,Books,"Novels, Thrillers, Comedies","Comedies, Thrillers",Single,Four or more,"A smartphone, An MP3-player, A Computer",,None,In a mansion or larger home,Partially,750 -1000 €,,Let rational thought decide more than emotions,Test results and reviews,1995,,,,,
25/03/2015 09:16:27,Female,Studying,Magazines,Comedies,"Comedies, Dramas, Romantic films","In a relationsship, but unmarried",Three,"A smartphone, A tablet, An MP3-player, A Computer",,None,In a house,Yes,,,Let emotions decide more than rational thought,The price,1996,,,,,
25/03/2015 09:17:48,Female,Studying,"Books, Magazines","Thrillers, Comedies","Comedies, Dramas, Romantic films","In a relationsship, but unmarried",Two,A smartphone,,None,In an apartment,Yes,,,Let rational thought decide more than emotions,The store,1994,,,,,
25/03/2015 09:20:23,Female,Studying,Books,Novels,"Comedies, Romantic films","In a relationsship, but unmarried",Four or more,"A smartphone, A Computer",,None,In a house,No,Less than 750 €,,Both - 50/50,The price,1998,,,,,
25/03/2015 09:20:40,Female,Full time,Books,"Novels, Thrillers, Biographies","Dramas, Thrillers, Documentaries, Romantic films",Divorced,Three,"A smartphone, A Computer",,Two,In a house,Yes,More than 4000 €,,Let rational thought decide completely,The price,1969,,,,,
25/03/2015 09:20:45,Male,Full time,,Comics,"Crime and gangster, Comedies",Married,Three,"A smartphone, A tablet, A Computer",,One,In a house,Partially,3000 - 4000 €,,Let rational thought decide more than emotions,The brand,1980,,,,,
25/03/2015 09:22:40,Male,Unemployed,Magazines,"Novels, Thrillers, Scientific articles","Crime and gangster, Comedies, Dramas, Thrillers, Romantic films",Single,Two,"A smartphone, A Computer",,None,In an apartment,Partially,Less than 750 €,,Both - 50/50,Test results and reviews,1994,,,,,
25/03/2015 09:22:42,Female,Studying,"Books, Magazines, Specialist books, eBooks","Novels, Thrillers, Scientific articles","Comedies, Dramas, Thrillers, Documentaries, Romantic films",Single,I live alone,"A smartphone, A Computer",,None,In an apartment,Yes,,,Both - 50/50,The price,1992,,,,,
25/03/2015 09:25:44,Female,Studying with a study job,Books,Novels,"Crime and gangster, Comedies, Dramas, Sport, Thrillers, Documentaries, Romantic films, Art film","In a relationsship, but unmarried",I live alone,"A smartphone, An MP3-player, A Computer",,None,In an apartment,Yes,Less than 750 €,,Both - 50/50,The price,1993,,,,,
25/03/2015 09:28:28,Female,Studying with a study job,"Books, Magazines, eBooks","Novels, Thrillers","Crime and gangster, Comedies, Dramas, Sport, Thrillers, Romantic films",Single,Three,"A smartphone, A tablet, A Computer",,None,In a house,Partially,Less than 750 €,,Let rational thought decide more than emotions,The price,1997,,,,,
25/03/2015 09:32:03,Female,Studying,"Magazines, Newspapers","Thrillers, Biographies","Comedies, Dramas, Thrillers, Romantic films",Single,Four or more,"A smartphone, A Computer",,None,In a house,Partially,,,Both - 50/50,Test results and reviews,1996,,,,,
25/03/2015 09:32:24,Female,Unemployed,"Books, Magazines",Biographies,"Comedies, Dramas, Documentaries, Romantic films",Single,I live alone,"A smartphone, A Computer",,None,In an apartment,Yes,,,Let emotions decide more than rational thought,The price,1994,,,,,
25/03/2015 09:38:52,Male,Full time,,Thrillers,"Dramas, Thrillers, Romantic films",Married,Three,"A smartphone, A tablet, A Computer",,Two,In a house,Partially,More than 4000 €,,Let rational thought decide more than emotions,The price,1961,,,,,
25/03/2015 09:45:36,Female,Studying with a study job,"Books, Magazines, eBooks","Novels, Thrillers","Crime and gangster, Comedies, Sport, Thrillers, Romantic films",Single,Three,"A smartphone, An MP3-player, A Computer, An eBook-reader",,None,In a house,No,3000 - 4000 €,,Both - 50/50,The price,1995,,,,,
25/03/2015 09:49:14,Male,Studying,"Books, Newspapers, Specialist books","Novels, Comedies, Biographies, Comics, Scientific articles","Crime and gangster, Comedies, Dramas, Thrillers, Documentaries, Art film","In a relationsship, but unmarried",Two,"A smartphone, A Computer",,None,In a shared apartment,Yes,,,Let rational thought decide completely,Test results and reviews,1994,,,,,
25/03/2015 09:51:28,Male,Studying,Newspapers,Comedies,Sport,"In a relationsship, but unmarried",Four or more,A smartphone,,None,In a shared apartment,Yes,Less than 750 €,,Both - 50/50,The price,1997,,,,,
25/03/2015 09:52:47,Male,Unemployed,"Magazines, Newspapers","Comedies, Comics","Thrillers, Romantic films",Single,Four or more,"A smartphone, A Computer",,None,In a house,No,Less than 750 €,,Let emotions decide more than rational thought,The envy of others,1987,,,,,
25/03/2015 09:57:57,Male,Full time,"Magazines, Newspapers",Biographies,"Crime and gangster, Comedies, Dramas, Sport, Thrillers, Documentaries, Romantic films",Married,Four or more,"A smartphone, A tablet, A Computer",,Two,In a house,No,More than 4000 €,,Let rational thought decide completely,Test results and reviews,1971,,,,,
25/03/2015 10:01:49,Female,Studying,Specialist books,Comics,Sport,It's complicated,Four or more,An MP3-player,,Four or more,On a boat,No,Less than 750 €,,Let your emotions alone decide,Test results and reviews,1979,,,,,
25/03/2015 10:05:41,Female,Part time,Books,,"Comedies, Romantic films",It's complicated,Four or more,"A smartphone, A tablet, A Computer",,None,In a house,No,Less than 750 €,,Let rational thought decide more than emotions,The price,1995,,,,,
25/03/2015 10:05:42,Male,Studying,Books,"Thrillers, Comics","Dramas, Thrillers",Single,Four or more,"A smartphone, A Computer",,None,In a house,Partially,Less than 750 €,,Both - 50/50,The price,1992,,,,,
25/03/2015 10:11:37,Female,Studying with a study job,"Books, Magazines, eBooks","Novels, Comedies","Comedies, Dramas, Thrillers, Romantic films",Single,I live alone,"A smartphone, A tablet, An MP3-player, A Computer",,None,In an apartment,Yes,750 -1000 €,,Let rational thought decide more than emotions,Test results and reviews,1994,,,,,
25/03/2015 10:15:20,Male,Studying,,Scientific articles,Comedies,Single,Three,"A smartphone, A tablet, An MP3-player, A Computer",,None,In a house,No,Less than 750 €,,Let rational thought decide more than emotions,Test results and reviews,1992,,,,,
25/03/2015 10:18:55,Female,Studying,"Books, Magazines, eBooks",Thrillers,"Comedies, Dramas, Sport, Documentaries, Romantic films",Single,I live alone,"A smartphone, A tablet, An MP3-player, A Computer",,None,In an apartment,Yes,Less than 750 €,,Let rational thought decide more than emotions,The price,1992,,,,,
25/03/2015 10:22:42,Male,Studying with a study job,Newspapers,Thrillers,"Crime and gangster, Comedies, Thrillers, Documentaries","In a relationsship, but unmarried",Two,"A smartphone, An MP3-player, A Computer",,None,In a shared apartment,Partially,1500 - 2000 €,,Both - 50/50,Test results and reviews,1993,,,,,
25/03/2015 10:22:56,Male,Studying,"Books, Specialist books, eBooks","Novels, Comedies, Comics, Scientific articles","Comedies, Documentaries",Single,I live alone,"A smartphone, A tablet, An MP3-player, A Computer, An eBook-reader",,None,In an apartment,Yes,750 -1000 €,,Let rational thought decide more than emotions,Test results and reviews,1994,,,,,
25/03/2015 10:23:04,Male,Studying,Books,"Thrillers, Comics","Crime and gangster, Thrillers",Single,Three,"A smartphone, A tablet, A Computer",,One,In a shared apartment,Yes,,,Both - 50/50,Test results and reviews,1994,,,,,
25/03/2015 10:23:30,Male,Studying,"Books, Newspapers","Novels, Thrillers","Comedies, Dramas, Thrillers",Single,Four or more,"A smartphone, A Computer",,None,In a house,No,Less than 750 €,,Both - 50/50,Test results and reviews,1994,,,,,
25/03/2015 10:26:56,Male,Full time,Newspapers,Biographies,"Comedies, Thrillers","In a relationsship, but unmarried",Two,"A smartphone, A tablet, A Computer",,None,In a mansion or larger home,No,3000 - 4000 €,,Both - 50/50,The brand,1993,,,,,
25/03/2015 10:33:57,Male,Studying,,"Comics, Scientific articles",Comedies,Single,Two,"A smartphone, A tablet, A Computer",,None,In an apartment,Yes,750 -1000 €,,Let rational thought decide more than emotions,The price,1993,,,,,
25/03/2015 10:35:36,Male,Studying,"Books, Magazines, eBooks","Novels, Scientific articles","Comedies, Documentaries, Art film",Single,Two,"A smartphone, An MP3-player, A Computer",,None,In a shared apartment,Partially,Less than 750 €,,Let rational thought decide more than emotions,The price,1992,,,,,
25/03/2015 10:36:15,Male,Full time,Books,Thrillers,"Comedies, Dramas, Thrillers, Romantic films",Single,Three,"A smartphone, A Computer",,None,In a house,No,2000 - 3000 €,,Let emotions decide more than rational thought,The store,1994,,,,,
25/03/2015 10:54:32,Female,Studying,"Books, Magazines, Specialist books, eBooks","Novels, Thrillers, Comedies, Scientific articles","Crime and gangster, Comedies, Documentaries, Romantic films","In a relationsship, but unmarried",I live alone,"A smartphone, A Computer",,None,In an apartment,Yes,1000 - 1500 €,,Let your emotions alone decide,The brand,1993,,,,,
25/03/2015 11:00:51,Female,Studying with a study job,Books,"Novels, Scientific articles","Crime and gangster, Comedies","In a relationsship, but unmarried",I live alone,"A smartphone, A tablet, An MP3-player, A Computer",,None,In an apartment,Yes,,,Both - 50/50,The price,1992,,,,,
25/03/2015 11:03:57,Male,Studying,,,"Crime and gangster, Dramas, Documentaries",Single,I live alone,"A smartphone, A Computer",,None,In an apartment,Yes,Less than 750 €,,Let rational thought decide completely,The price,1994,,,,,
25/03/2015 11:12:15,Female,Studying,"Books, Newspapers","Novels, Comedies, Comics, Scientific articles","Comedies, Dramas, Thrillers, Documentaries, Romantic films, Art film","In a relationsship, but unmarried",Two,"A smartphone, A Computer",,None,In an apartment,Partially,750 -1000 €,,Let emotions decide more than rational thought,The price,1994,,,,,
25/03/2015 11:15:25,Female,Studying,"Books, Magazines","Novels, Comics, Scientific articles","Crime and gangster, Comedies, Dramas, Thrillers, Romantic films, Art film","In a relationsship, but unmarried",Two,"A smartphone, A tablet, A Computer",,None,In a shared apartment,Partially,750 -1000 €,,Both - 50/50,Test results and reviews,1995,,,,,
25/03/2015 11:19:30,Female,Studying,"Books, Magazines, Newspapers, Specialist books","Novels, Comics, Scientific articles","Comedies, Dramas","In a relationsship, but unmarried",Two,"A smartphone, A Computer",,None,In a shared apartment,Yes,Less than 750 €,,Both - 50/50,The price,1994,,,,,
25/03/2015 11:27:46,Female,Studying,"Books, Magazines","Novels, Comics","Comedies, Sport",Single,I live alone,"A smartphone, A Computer",,None,In an apartment,Yes,750 -1000 €,,Let rational thought decide more than emotions,The price,1993,,,,,
25/03/2015 11:39:59,Male,Studying with a study job,"Books, Magazines, Newspapers",Biographies,"Crime and gangster, Comedies, Dramas, Sport, Thrillers, Documentaries, Romantic films",Single,Four or more,"A smartphone, A Computer",,None,In a shared apartment,Partially,2000 - 3000 €,,Both - 50/50,The envy of others,1988,,,,,
25/03/2015 11:47:41,Female,Studying,"Books, Magazines, Newspapers, Specialist books","Novels, Thrillers, Scientific articles","Dramas, Thrillers, Documentaries, Romantic films",Single,Four or more,"A smartphone, A Computer",,None,In a shared apartment,Partially,750 -1000 €,,Let emotions decide more than rational thought,The price,1994,,,,,
25/03/2015 11:51:00,Male,Studying,,,"Comedies, Sport, Thrillers","In a relationsship, but unmarried",Two,"A smartphone, A tablet, A Computer",,None,In an apartment,Yes,750 -1000 €,,Both - 50/50,Test results and reviews,1993,,,,,
25/03/2015 11:55:05,Male,Studying,"Magazines, Newspapers, Specialist books","Thrillers, Biographies, Scientific articles","Crime and gangster, Comedies, Dramas, Sport, Thrillers, Documentaries, Romantic films",Single,I live alone,"A smartphone, An MP3-player, A Computer",,None,In an apartment,Yes,750 -1000 €,,Let rational thought decide completely,The price,1994,,,,,
25/03/2015 11:56:35,Male,Studying with a study job,"Specialist books, eBooks",Scientific articles,"Comedies, Sport, Documentaries","In a relationsship, but unmarried",Two,"A smartphone, A tablet, A Computer",,None,In an apartment,Partially,2000 - 3000 €,,Both - 50/50,Test results and reviews,1991,,,,,
25/03/2015 11:56:50,Male,Full time,"Magazines, Newspapers",Thrillers,"Crime and gangster, Documentaries","In a relationsship, but unmarried",Three,"A smartphone, A Computer",,None,In a shared apartment,Partially,1500 - 2000 €,,Let rational thought decide more than emotions,Test results and reviews,1995,,,,,
25/03/2015 12:06:07,Male,Studying,"Books, Specialist books, eBooks","Novels, Thrillers, Comics","Comedies, Dramas, Thrillers, Documentaries","In a relationsship, but unmarried",Two,"A smartphone, A tablet, A Computer",,None,In a shared apartment,Partially,750 -1000 €,,Let rational thought decide more than emotions,Test results and reviews,1993,,,,,
25/03/2015 12:10:18,Male,Studying,"Books, Newspapers","Novels, Scientific articles","Crime and gangster, Comedies, Thrillers, Documentaries",Single,Two,"A smartphone, An MP3-player, A Computer",,None,In a shared apartment,Partially,750 -1000 €,,Both - 50/50,Test results and reviews,1995,,,,,
25/03/2015 12:10:42,Male,Studying,"Books, eBooks","Novels, Comics, Scientific articles","Crime and gangster, Comedies, Thrillers",Single,I live alone,"A smartphone, A Computer",,None,In an apartment,Yes,,,Both - 50/50,Test results and reviews,1992,,,,,
25/03/2015 12:11:39,Male,Studying,"Books, Magazines, Newspapers, eBooks","Comics, Scientific articles","Crime and gangster, Comedies, Documentaries",Single,Two,"A smartphone, A Computer",,None,In a shared apartment,Partially,Less than 750 €,,Both - 50/50,The price,1995,,,,,
25/03/2015 12:11:42,Male,Studying,"Books, Newspapers, eBooks",Scientific articles,"Crime and gangster, Thrillers, Documentaries",Single,I live alone,"A smartphone, A tablet, A Computer",,None,In an apartment,Yes,750 -1000 €,,Let rational thought decide completely,The price,1994,,,,,
25/03/2015 12:33:10,Female,Studying with a study job,"Books, Specialist books",Novels,"Comedies, Dramas, Documentaries, Art film",Single,I live alone,"A smartphone, A Computer",,None,In an apartment,Yes,750 -1000 €,,Both - 50/50,The store,1989,,,,,
25/03/2015 12:34:11,Male,Retired,"Books, Magazines, Specialist books","Novels, Comedies, Comics","Crime and gangster, Dramas, Thrillers, Romantic films",It's complicated,Four or more,"A smartphone, An MP3-player",,Four or more,In a mansion or larger home,Yes,More than 4000 €,,Both - 50/50,The envy of others,1900,,,,,
25/03/2015 12:35:45,Male,Studying with a study job,"Books, Specialist books, eBooks","Novels, Comedies, Comics","Crime and gangster, Comedies, Dramas, Thrillers, Romantic films","In a relationsship, but unmarried",Three,"A smartphone, A tablet, An MP3-player, A Computer",,None,In an apartment,Partially,Less than 750 €,,Let rational thought decide completely,Test results and reviews,1994,,,,,
25/03/2015 12:36:48,Female,Studying,"Books, Magazines, Newspapers, Specialist books, eBooks","Novels, Thrillers, Comedies, Biographies, Comics, Scientific articles","Crime and gangster, Comedies, Dramas, Sport, Thrillers, Documentaries, Art film",Single,I live alone,"A smartphone, An MP3-player, A Computer",,None,In an apartment,Yes,,,Both - 50/50,Test results and reviews,1986,,,,,
25/03/2015 12:43:29,Female,Studying with a study job,"Books, Magazines, Newspapers","Thrillers, Biographies",Documentaries,Single,I live alone,A smartphone,,None,In an apartment,Yes,,,Let emotions decide more than rational thought,The price,1995,,,,,
25/03/2015 12:43:56,Male,Studying,"Books, eBooks","Comics, Scientific articles",,Single,I live alone,"A smartphone, A Computer",,None,In a mansion or larger home,Yes,Less than 750 €,,Let rational thought decide more than emotions,Test results and reviews,1995,,,,,
25/03/2015 12:44:22,Female,Studying,"Books, Specialist books","Novels, Thrillers, Scientific articles",Thrillers,"In a relationsship, but unmarried",Two,"A Computer",,None,In an apartment,Yes,Less than 750 €,,Let emotions decide more than rational thought,The price,1992,,,,,
25/03/2015 12:45:09,Female,Part time,"Magazines, Newspapers",Biographies,"Comedies, Dramas, Sport, Thrillers, Documentaries, Romantic films",Single,Three,"A smartphone, A Computer",,None,In a house,No,Less than 750 €,,Let rational thought decide more than emotions,The brand,1995,,,,,
25/03/2015 12:46:16,Female,Studying with a study job,Newspapers,"Novels, Biographies","Comedies, Dramas, Thrillers, Documentaries, Romantic films","In a relationsship, but unmarried",I live alone,"A smartphone, A Computer",,None,In an apartment,Yes,,,Let emotions decide more than rational thought,The price,1991,,,,,
25/03/2015 12:49:06,Male,Full time,"Books, Magazines, Newspapers","Thrillers, Biographies","Crime and gangster, Comedies, Dramas, Sport, Thrillers, Documentaries, Romantic films",Single,Three,"A smartphone, A Computer",,None,In an apartment,Partially,Less than 750 €,,Both - 50/50,The brand,1993,,,,,
25/03/2015 12:51:57,Female,Studying with a study job,"Books, Magazines",Biographies,"Comedies, Dramas, Thrillers, Romantic films",Single,Two,"A smartphone, A tablet, A Computer",,None,In an apartment,No,1500 - 2000 €,,Both - 50/50,Test results and reviews,1993,,,,,
25/03/2015 12:53:55,Female,Studying with a study job,,,"Thrillers, Documentaries, Romantic films",Single,I live alone,"A smartphone, A Computer",,None,In an apartment,Yes,750 -1000 €,,Let rational thought decide completely,Test results and reviews,1991,,,,,
25/03/2015 12:55:10,Male,Full time,Magazines,,"Comedies, Dramas",Single,I live alone,"A smartphone, A tablet, A Computer",,None,In an apartment,Yes,More than 4000 €,,Let emotions decide more than rational thought,The price,1984,,,,,
25/03/2015 12:57:47,Female,Studying,"Books, Specialist books, eBooks","Novels, Thrillers","Crime and gangster, Comedies, Dramas, Thrillers, Documentaries, Romantic films","In a relationsship, but unmarried",I live alone,"A smartphone, A tablet, A Computer",,None,In an apartment,Yes,Less than 750 €,,Let your emotions alone decide,The price,1991,,,,,
25/03/2015 12:58:28,Female,Full time,"Books, Magazines, Newspapers","Novels, Thrillers, Biographies","Comedies, Thrillers, Documentaries","In a relationsship, but unmarried",Two,"A smartphone, A Computer",,None,In a shared apartment,Yes,1500 - 2000 €,,Let your emotions alone decide,Test results and reviews,1995,,,,,
25/03/2015 13:02:33,Female,Studying with a study job,Newspapers,"Novels, Thrillers, Comedies","Crime and gangster, Comedies, Dramas, Thrillers, Romantic films, Art film",Single,Three,"A smartphone, An MP3-player, A Computer",,None,In a house,No,Less than 750 €,,Let emotions decide more than rational thought,The price,1995,,,,,
25/03/2015 13:05:31,Male,Full time,"Books, Magazines, Newspapers, Specialist books",Thrillers,"Comedies, Dramas, Romantic films",Married,Four or more,"A tablet, An MP3-player, A Computer",,Three,In a house,Partially,,,Let rational thought decide completely,Test results and reviews,1966,,,,,
25/03/2015 13:13:46,Female,Studying with a study job,"Books, Magazines, Newspapers, Specialist books","Novels, Thrillers, Comedies, Comics","Crime and gangster, Comedies, Romantic films",Single,I live alone,"A smartphone, A tablet, A Computer",,None,In an apartment,Yes,,,Let emotions decide more than rational thought,The brand,1990,,,,,
25/03/2015 13:26:18,Male,Full time,"Books, Magazines, Newspapers",Biographies,"Crime and gangster, Comedies, Dramas, Sport, Documentaries",Married,Four or more,"A smartphone, A tablet, A Computer",,Two,In a house,Partially,3000 - 4000 €,,Let rational thought decide more than emotions,The price,1977,,,,,
25/03/2015 13:36:16,Male,Studying,"Magazines, Newspapers","Novels, Comedies, Comics","Comedies, Dramas, Sport, Romantic films",Single,Two,"A smartphone, A Computer",,None,In a shared apartment,Partially,750 -1000 €,,Let rational thought decide more than emotions,Test results and reviews,1993,,,,,
25/03/2015 13:37:35,Female,Studying with a study job,"Books, Magazines, Newspapers","Novels, Thrillers, Biographies, Comics, Scientific articles","Comedies, Dramas, Thrillers, Documentaries, Art film",Single,I live alone,"A smartphone, A tablet, An MP3-player, A Computer",,None,In an apartment,Yes,750 -1000 €,,Let emotions decide more than rational thought,Test results and reviews,1991,,,,,
25/03/2015 13:42:04,Female,Part time,"Books, Newspapers, eBooks","Novels, Thrillers, Biographies","Crime and gangster, Comedies, Dramas, Documentaries",Divorced,Four or more,"A smartphone, A tablet, An MP3-player, A Computer",,Three,In a house,Yes,1500 - 2000 €,,Let rational thought decide more than emotions,The price,1968,,,,,
25/03/2015 13:45:20,Female,Full time,"Books, Magazines, Newspapers, Specialist books","Novels, Biographies, Scientific articles","Crime and gangster, Comedies, Dramas, Documentaries, Romantic films",Divorced,I live alone,"A smartphone, A tablet, An MP3-player, A Computer",,Two,In a house,Yes,,,Let rational thought decide more than emotions,Test results and reviews,1954,,,,,
25/03/2015 13:58:51,Female,Studying with a study job,,"Novels, Comedies","Comedies, Romantic films",Single,I live alone,"A smartphone, A Computer",,None,In an apartment,Yes,750 -1000 €,,Both - 50/50,The price,1990,,,,,
25/03/2015 14:17:17,Female,Studying with a study job,"Books, Magazines, Newspapers, Specialist books, eBooks","Novels, Comics, Scientific articles","Crime and gangster, Comedies, Documentaries, Romantic films, Art film","In a relationsship, but unmarried",Two,"A smartphone, A tablet, An MP3-player, A Computer, An eBook-reader",,None,In an apartment,Partially,3000 - 4000 €,,Let rational thought decide more than emotions,Test results and reviews,1983,,,,,
25/03/2015 14:18:07,Male,Full time,Books,Novels,"Crime and gangster, Comedies, Dramas, Documentaries",Single,Four or more,"A smartphone, A Computer",,None,In a house,No,3000 - 4000 €,,Let rational thought decide more than emotions,Test results and reviews,1995,,,,,
25/03/2015 14:25:06,Female,Unemployed,Books,"Novels, Thrillers","Comedies, Thrillers, Romantic films",Married,Four or more,"A smartphone, A tablet, A Computer",,Two,In a house,Yes,More than 4000 €,,Both - 50/50,The price,1978,,,,,
25/03/2015 14:41:19,Female,Studying with a study job,"Books, Newspapers","Novels, Comedies, Biographies, Comics, Scientific articles","Comedies, Dramas, Documentaries, Romantic films, Art film","In a relationsship, but unmarried",Two,"A Computer",,None,In an apartment,Yes,750 -1000 €,,Let rational thought decide completely,The store,1992,,,,,
25/03/2015 14:41:47,Male,Studying,Newspapers,"Comics, Scientific articles","Comedies, Thrillers, Documentaries","In a relationsship, but unmarried",Two,"A smartphone, A Computer",,None,In an apartment,Partially,1000 - 1500 €,,Both - 50/50,Test results and reviews,1990,,,,,
25/03/2015 14:43:56,Female,Studying with a study job,Books,"Novels, Thrillers","Comedies, Dramas, Thrillers, Romantic films","In a relationsship, but unmarried",Two,"A smartphone, A Computer",,None,In an apartment,Partially,,,Let rational thought decide completely,The price,1992,,,,,
25/03/2015 14:44:13,Female,Studying with a study job,,,"Crime and gangster, Comedies, Thrillers","In a relationsship, but unmarried",Two,"A smartphone, A Computer",,None,In a house,Partially,Less than 750 €,,Let emotions decide more than rational thought,Test results and reviews,1995,,,,,
25/03/2015 14:50:15,Female,Studying with a study job,"Books, Newspapers, Specialist books, eBooks","Novels, Thrillers, Comics","Thrillers, Documentaries, Romantic films","In a relationsship, but unmarried",Two,"A smartphone, An MP3-player, A Computer",,None,In an apartment,Partially,750 -1000 €,,Let your emotions alone decide,Test results and reviews,1990,,,,,
25/03/2015 15:00:55,Female,Part time,"Books, Magazines, Newspapers, eBooks","Thrillers, Biographies","Crime and gangster, Dramas, Documentaries",Divorced,I live alone,"A smartphone, An MP3-player",,Three,In a house,Yes,1000 - 1500 €,,Let rational thought decide more than emotions,The price,1959,,,,,
25/03/2015 15:07:06,Male,Studying with a study job,"Books, Newspapers, eBooks","Novels, Thrillers, Comedies, Scientific articles","Comedies, Dramas, Thrillers, Romantic films",Married,Four or more,"A smartphone, A tablet, A Computer, An eBook-reader",,None,In a house,Partially,750 -1000 €,,Both - 50/50,Test results and reviews,1994,,,,,
25/03/2015 15:14:04,Female,Part time,"Books, Magazines",Thrillers,"Comedies, Dramas, Sport, Documentaries, Romantic films","In a relationsship, but unmarried",Four or more,"A smartphone, A tablet, An MP3-player, A Computer",,None,In a house,No,1000 - 1500 €,,Both - 50/50,The price,1994,,,,,
25/03/2015 15:14:23,Male,Studying,"Books, Newspapers","Novels, Biographies, Scientific articles","Thrillers, Documentaries, Romantic films",Single,I live alone,"A Computer",,None,In an apartment,Yes,Less than 750 €,,Both - 50/50,The price,1992,,,,,
25/03/2015 15:15:05,Female,Part time,"Books, Magazines, eBooks","Novels, Thrillers, Comedies, Comics","Comedies, Dramas, Sport, Thrillers, Documentaries, Romantic films, Art film",Married,Four or more,"A smartphone, A tablet, A Computer, An eBook-reader",,None,In a house,Partially,Less than 750 €,,Both - 50/50,The price,1994,,,,,
25/03/2015 15:18:15,Male,Studying with a study job,"Books, Specialist books, eBooks","Novels, Comics, Scientific articles","Crime and gangster, Dramas, Thrillers, Documentaries","In a relationsship, but unmarried",I live alone,"A smartphone, A tablet, A Computer",,None,In a shared apartment,Yes,1500 - 2000 €,,Let rational thought decide more than emotions,Test results and reviews,1994,,,,,
25/03/2015 15:19:01,Female,Studying,"Books, Magazines","Novels, Thrillers","Comedies, Dramas, Thrillers, Romantic films","In a relationsship, but unmarried",Two,"A Computer",,None,In an apartment,Partially,750 -1000 €,,Let rational thought decide more than emotions,The price,1993,,,,,
25/03/2015 15:23:35,Female,Studying with a study job,Specialist books,,"Crime and gangster, Comedies, Dramas, Thrillers",Single,I live alone,"A smartphone, An MP3-player, A Computer",,None,In an apartment,Yes,Less than 750 €,,Both - 50/50,Test results and reviews,1992,,,,,
25/03/2015 15:24:04,Female,Studying with a study job,"Books, Magazines, Newspapers","Novels, Comics","Crime and gangster, Comedies, Dramas, Thrillers, Documentaries, Romantic films","In a relationsship, but unmarried",I live alone,"A smartphone, A tablet, An MP3-player, A Computer",,None,In an apartment,Yes,Less than 750 €,,Let emotions decide more than rational thought,The price,1991,,,,,
25/03/2015 15:26:17,Female,Studying,"Books, Newspapers","Novels, Comedies","Comedies, Dramas, Sport, Documentaries, Romantic films",Single,Four or more,"A smartphone, A Computer",,None,In a shared apartment,Partially,750 -1000 €,,Let rational thought decide more than emotions,The price,1988,,,,,
25/03/2015 15:29:48,Male,Studying,"Books, Newspapers, Specialist books","Novels, Biographies, Scientific articles","Comedies, Dramas, Thrillers","In a relationsship, but unmarried",I live alone,"A smartphone, A Computer",,None,In an apartment,Yes,Less than 750 €,,Let emotions decide more than rational thought,Test results and reviews,1991,,,,,
25/03/2015 15:29:57,Male,Studying,"Newspapers, Specialist books","Comedies, Biographies, Scientific articles","Comedies, Sport",Single,I live alone,"A smartphone, A Computer",,None,In an apartment,Yes,750 -1000 €,,Let emotions decide more than rational thought,The envy of others,1990,,,,,
25/03/2015 15:36:43,Female,Part time,"Books, Magazines, Newspapers","Novels, Thrillers","Dramas, Documentaries, Romantic films",Married,Three,"A smartphone, A Computer, An eBook-reader",,Two,In a house,Yes,,,Let emotions decide more than rational thought,Test results and reviews,1967,,,,,
25/03/2015 15:38:49,Male,Studying,"Books, Newspapers","Novels, Biographies","Comedies, Sport, Thrillers",Single,Four or more,"A smartphone, A Computer",,Four or more,In a house,Partially,,,Both - 50/50,Test results and reviews,2000,,,,,
25/03/2015 15:56:57,Female,Studying with a study job,"Books, Magazines, Newspapers, Specialist books, eBooks","Novels, Thrillers, Comedies","Comedies, Dramas, Sport, Romantic films","In a relationsship, but unmarried",Four or more,"A smartphone, A tablet, An MP3-player, A Computer",,None,In a house,Partially,,,Both - 50/50,The price,1994,,,,,
25/03/2015 16:13:49,Male,Full time,"Books, Magazines, Newspapers","Biographies, Comics","Crime and gangster, Comedies, Dramas, Sport, Thrillers, Documentaries, Romantic films","In a relationsship, but unmarried",Four or more,"A smartphone, A tablet, An MP3-player, A Computer",,None,In a house,Partially,2000 - 3000 €,,Let emotions decide more than rational thought,The brand,1994,,,,,
25/03/2015 16:14:03,Male,Part time,eBooks,"Biographies, Scientific articles","Crime and gangster, Comedies, Dramas, Thrillers, Documentaries, Romantic films, Art film",Single,Three,"A smartphone, An MP3-player, A Computer, An eBook-reader",,None,In a house,Partially,2000 - 3000 €,,Both - 50/50,Test results and reviews,1994,,,,,
25/03/2015 16:22:40,Male,Full time,"Newspapers, Specialist books, eBooks",,"Crime and gangster, Comedies, Thrillers","In a relationsship, but unmarried",Three,"A smartphone, A tablet, A Computer",,None,In an apartment,Partially,2000 - 3000 €,,Both - 50/50,The brand,1994,,,,,
25/03/2015 16:23:33,Female,Studying with a study job,Books,"Novels, Scientific articles","Comedies, Dramas, Documentaries, Art film","In a relationsship, but unmarried",Two,"A smartphone, A Computer",,None,In an apartment,Partially,750 -1000 €,,Both - 50/50,Test results and reviews,1992,,,,,
25/03/2015 16:38:02,Female,Part time,Magazines,"Novels, Biographies","Comedies, Dramas, Documentaries, Romantic films",Married,Four or more,"A smartphone, A tablet",,Three,In a house,Yes,2000 - 3000 €,,Both - 50/50,The price,1969,,,,,
25/03/2015 17:09:31,Female,Studying with a study job,Magazines,Novels,Romantic films,"In a relationsship, but unmarried",Four or more,"A smartphone, A tablet, A Computer",,None,In a house,Partially,Less than 750 €,,Both - 50/50,The price,1995,,,,,
25/03/2015 17:10:57,Male,Full time,"Magazines, Newspapers, Specialist books","Thrillers, Scientific articles","Crime and gangster, Sport, Thrillers",Married,Four or more,"A smartphone, A tablet, A Computer",,Two,In a house,Partially,More than 4000 €,,Both - 50/50,Test results and reviews,1966,,,,,
25/03/2015 17:11:55,Male,Studying,Books,"Novels, Scientific articles","Crime and gangster, Comedies, Dramas, Thrillers, Documentaries, Art film",Single,I live alone,"A smartphone, A Computer",,None,In an apartment,Yes,750 -1000 €,,Let rational thought decide more than emotions,Test results and reviews,1995,,,,,
25/03/2015 17:18:41,Female,Studying with a study job,Newspapers,"Novels, Comedies","Comedies, Dramas, Romantic films",Single,Three,"A smartphone, A tablet, A Computer",,None,In a house,Yes,Less than 750 €,,Let your emotions alone decide,The price,1996,,,,,
25/03/2015 17:18:48,Female,Full time,"Books, Magazines","Novels, Thrillers, Biographies","Crime and gangster, Comedies, Dramas, Thrillers, Documentaries, Romantic films",Married,Four or more,"A smartphone, A tablet",,Two,In a house,Yes,More than 4000 €,,Let rational thought decide more than emotions,The price,1970,,,,,
25/03/2015 17:27:29,Female,Studying,"Books, Magazines",Novels,"Comedies, Dramas, Thrillers, Romantic films",Single,Three,"A smartphone, A Computer",,None,In a house,No,,,Both - 50/50,The price,1995,,,,,
25/03/2015 17:45:45,Male,Studying,,"Comics, Scientific articles",Comedies,Single,Two,"A smartphone, A Computer",,None,In a shared apartment,Partially,,,Both - 50/50,The price,1995,,,,,
25/03/2015 17:47:26,Female,Full time,"Books, Magazines, Newspapers","Novels, Thrillers","Comedies, Dramas, Thrillers, Romantic films",Married,Four or more,"A smartphone, A Computer",,Three,In a house,Yes,,,Both - 50/50,The price,1966,,,,,
25/03/2015 17:58:04,Male,Full time,"Books, Magazines, Newspapers, Specialist books","Novels, Thrillers, Biographies","Crime and gangster, Sport, Thrillers, Documentaries",Married,Four or more,"A smartphone, A tablet, An MP3-player, A Computer",,Two,In a house,Yes,More than 4000 €,,Let rational thought decide more than emotions,Test results and reviews,1972,,,,,
25/03/2015 18:06:28,Male,Full time,Magazines,Scientific articles,"Crime and gangster, Art film",Married,Four or more,"A smartphone, A tablet, A Computer",,Three,In a house,No,More than 4000 €,,Let rational thought decide completely,Test results and reviews,1973,,,,,
25/03/2015 18:46:39,Male,Full time,Newspapers,Thrillers,"Crime and gangster, Comedies, Dramas, Thrillers, Documentaries, Romantic films",Married,Three,"A smartphone, A Computer",,Three,In a house,Partially,More than 4000 €,,Let rational thought decide more than emotions,The price,1966,,,,,
25/03/2015 18:54:54,Female,Full time,"Books, Newspapers","Novels, Thrillers, Biographies","Crime and gangster, Comedies, Dramas, Thrillers, Documentaries, Romantic films","In a relationsship, but unmarried",Three,"A tablet, A Computer",,Three,In a shared apartment,Yes,,,Both - 50/50,The price,1967,,,,,
25/03/2015 18:55:09,Male,Part time,"Books, Magazines, Newspapers",Scientific articles,"Crime and gangster, Comedies, Dramas, Sport","In a relationsship, but unmarried",Four or more,"A smartphone, A tablet, A Computer",,Three,In a house,Partially,More than 4000 €,,Let rational thought decide more than emotions,The brand,1963,,,,,
25/03/2015 18:55:44,Male,Studying,"Books, Magazines, Newspapers","Novels, Comics","Comedies, Dramas, Romantic films",Single,Two,"A smartphone, A Computer",,None,In an apartment,Partially,,,Let emotions decide more than rational thought,Test results and reviews,1990,,,,,
25/03/2015 18:56:44,Male,Full time,Books,"Thrillers, Biographies","Crime and gangster, Thrillers",Married,Four or more,"A smartphone, A tablet",,Three,In a house,Yes,More than 4000 €,,Let rational thought decide completely,Test results and reviews,1978,,,,,
25/03/2015 18:58:18,Female,Studying,"Books, Newspapers",Novels,"Comedies, Dramas, Romantic films","In a relationsship, but unmarried",Four or more,"A smartphone, A tablet, A Computer",,None,In a house,Partially,Less than 750 €,,Let rational thought decide more than emotions,The price,1996,,,,,
25/03/2015 19:08:03,Male,Studying with a study job,Books,Novels,"Crime and gangster, Comedies, Documentaries",Single,Four or more,"A Computer",,None,In a house,No,Less than 750 €,,Let your emotions alone decide,The price,1995,,,,,
25/03/2015 19:09:10,Male,Full time,"Magazines, Newspapers, Specialist books","Novels, Comics, Scientific articles",Documentaries,"In a relationsship, but unmarried",Two,"A smartphone, An MP3-player, A Computer",,None,In an apartment,Partially,1000 - 1500 €,,Let rational thought decide completely,The brand,1994,,,,,
25/03/2015 19:09:51,Male,Studying,"Books, Newspapers","Thrillers, Scientific articles","Crime and gangster, Comedies, Dramas, Thrillers, Documentaries","In a relationsship, but unmarried",Four or more,"A smartphone, A Computer",,None,In a house,No,Less than 750 €,,Let rational thought decide completely,The price,1995,,,,,
25/03/2015 19:10:46,Male,Full time,"Books, Magazines, Specialist books, eBooks","Thrillers, Scientific articles","Crime and gangster, Comedies, Dramas, Thrillers, Documentaries",Married,Two,"A smartphone, A tablet, An MP3-player, A Computer, An eBook-reader",,Three,In a house,Partially,More than 4000 €,,Both - 50/50,Test results and reviews,1960,,,,,
25/03/2015 19:25:03,Male,Studying with a study job,,,"Crime and gangster, Comedies, Sport, Thrillers","In a relationsship, but unmarried",Four or more,"A smartphone, A tablet, A Computer, An eBook-reader",,None,In a house,No,750 -1000 €,,Let emotions decide more than rational thought,Test results and reviews,1995,,,,,
25/03/2015 19:53:56,Male,Studying with a study job,"Books, Newspapers, Specialist books, eBooks","Novels, Biographies, Scientific articles","Crime and gangster, Comedies, Thrillers",Single,I live alone,"A smartphone, A Computer",,None,In an apartment,Yes,750 -1000 €,,Let rational thought decide more than emotions,Test results and reviews,1995,,,,,
25/03/2015 20:00:29,Female,Part time,Books,Novels,"Dramas, Documentaries, Romantic films",Single,Three,"A smartphone, A tablet",,Two,In a house,Yes,1000 - 1500 €,,Let rational thought decide more than emotions,Test results and reviews,1970,,,,,
25/03/2015 20:17:29,Female,Studying,"Books, Newspapers, Specialist books","Novels, Comedies","Comedies, Dramas, Romantic films","In a relationsship, but unmarried",Two,"A smartphone, A tablet",,None,In a house,Partially,750 -1000 €,,Both - 50/50,The price,1991,,,,,
25/03/2015 20:29:19,Female,Studying with a study job,"Books, Magazines, Newspapers, Specialist books",Thrillers,"Crime and gangster, Dramas, Thrillers, Documentaries, Romantic films, Art film","In a relationsship, but unmarried",Two,"A smartphone, A Computer",,None,In an apartment,Partially,750 -1000 €,,Let rational thought decide more than emotions,The price,1991,,,,,
25/03/2015 20:35:34,Male,Full time,"Books, Magazines, Newspapers, eBooks","Novels, Thrillers, Comedies","Crime and gangster, Comedies, Dramas, Thrillers",Married,Four or more,"A smartphone, A tablet, An MP3-player, A Computer, An eBook-reader",,Two,In a house,Partially,More than 4000 €,,Let emotions decide more than rational thought,Test results and reviews,1966,,,,,
25/03/2015 20:54:55,Female,Studying with a study job,"Books, Magazines","Novels, Thrillers","Crime and gangster, Comedies, Dramas, Thrillers, Romantic films",Single,I live alone,"A smartphone, A tablet, A Computer",,None,In an apartment,Yes,750 -1000 €,,Let rational thought decide more than emotions,The price,1994,,,,,
25/03/2015 21:01:42,Female,Studying,Magazines,Novels,"Comedies, Romantic films","In a relationsship, but unmarried",Three,"A smartphone, A tablet, A Computer",,None,In a house,No,,,Both - 50/50,The price,1995,,,,,
25/03/2015 21:23:40,Female,Retired,Magazines,,Romantic films,Divorced,Four or more,"A smartphone, A tablet, A Computer",,Four or more,In a mansion or larger home,No,More than 4000 €,,Let your emotions alone decide,The envy of others,2003,,,,,
25/03/2015 21:35:56,Female,Full time,"Books, Magazines, Newspapers",,"Dramas, Thrillers, Documentaries",Married,Three,"A smartphone, A tablet",,Two,In a house,No,2000 - 3000 €,,Let rational thought decide more than emotions,The price,1963,,,,,
25/03/2015 21:39:40,Female,Full time,eBooks,"Novels, Comedies, Biographies","Dramas, Romantic films",Married,Four or more,"A smartphone, A tablet, A Computer",,Three,In a house,Partially,More than 4000 €,,Let rational thought decide completely,The price,1965,,,,,
25/03/2015 21:53:40,Female,Full time,"Books, Magazines, Newspapers, eBooks","Thrillers, Comics","Crime and gangster, Comedies, Dramas, Thrillers, Romantic films",Married,Four or more,"A smartphone, A tablet, A Computer",,Two,In a house,Partially,More than 4000 €,,Both - 50/50,The brand,1980,,,,,
25/03/2015 22:33:37,Male,Studying,Books,"Novels, Thrillers, Scientific articles","Dramas, Thrillers, Documentaries",Single,I live alone,A smartphone,,One,In an apartment,Yes,1000 - 1500 €,,Let rational thought decide more than emotions,The price,1989,,,,,
25/03/2015 22:34:24,Male,Studying,"Books, eBooks",Novels,"Comedies, Documentaries","In a relationsship, but unmarried",I live alone,"A smartphone, A Computer",,None,In an apartment,Yes,750 -1000 €,,Let rational thought decide more than emotions,The price,1991,,,,,
25/03/2015 23:08:52,Female,Studying with a study job,"Books, Specialist books","Novels, Comedies","Comedies, Dramas, Thrillers, Documentaries, Romantic films","In a relationsship, but unmarried",Two,"A smartphone, A tablet, An MP3-player, A Computer",,None,In an apartment,Partially,750 -1000 €,,Let rational thought decide more than emotions,The price,1989,,,,,
25/03/2015 23:09:19,Female,Full time,"Books, Magazines, Newspapers, eBooks","Novels, Thrillers, Comedies, Biographies","Dramas, Romantic films",Married,Two,"A smartphone, A tablet, An eBook-reader",,None,In a house,No,3000 - 4000 €,,Both - 50/50,Test results and reviews,1957,,,,,
25/03/2015 23:52:08,Male,Full time,"Books, Newspapers","Comedies, Biographies, Scientific articles","Crime and gangster, Comedies, Sport, Thrillers, Documentaries",Single,I live alone,"A smartphone, An MP3-player, A Computer",,None,In an apartment,Yes,2000 - 3000 €,,Let rational thought decide completely,Test results and reviews,1994,,,,,
26/03/2015 00:42:42,Male,Full time,"Books, Magazines, Newspapers, Specialist books, eBooks","Thrillers, Biographies","Crime and gangster, Comedies, Thrillers, Documentaries",Married,Four or more,"A smartphone, A tablet, A Computer",,Two,In an apartment,Yes,More than 4000 €,,Both - 50/50,Test results and reviews,1979,,,,,
26/03/2015 03:09:15,Female,Full time,Books,"Thrillers, Biographies","Thrillers, Documentaries",Single,I live alone,"A smartphone, A tablet, An MP3-player, A Computer",,None,In an apartment,Yes,3000 - 4000 €,,Both - 50/50,The store,1972,,,,,
26/03/2015 05:33:07,Female,Studying with a study job,Books,Novels,"Comedies, Romantic films","In a relationsship, but unmarried",Two,"A smartphone, A Computer",,None,In an apartment,Yes,750 -1000 €,,Both - 50/50,The price,1994,,,,,
26/03/2015 08:22:29,Female,Unemployed,"Books, Newspapers",Novels,"Crime and gangster, Comedies, Dramas, Thrillers, Romantic films",Single,Three,"A smartphone, An MP3-player, A Computer",,None,In a shared apartment,Partially,Less than 750 €,,Let emotions decide more than rational thought,The price,1991,,,,,
26/03/2015 08:29:01,Female,Retired,"Books, Newspapers","Thrillers, Biographies","Dramas, Documentaries, Romantic films",Divorced,I live alone,"A smartphone, A tablet",,Three,In a house,No,2000 - 3000 €,,Let your emotions alone decide,The store,1940,,,,,
26/03/2015 09:09:51,Male,Studying,"Books, Specialist books","Novels, Comics, Scientific articles","Comedies, Dramas, Thrillers, Documentaries",Single,I live alone,"A smartphone, An MP3-player, A Computer",,None,In an apartment,Yes,,,Let rational thought decide more than emotions,Test results and reviews,1992,,,,,
26/03/2015 10:35:27,Female,Studying,"Books, Magazines","Novels, Thrillers, Biographies","Crime and gangster, Comedies, Dramas, Thrillers, Documentaries, Romantic films",Single,I live alone,"A smartphone, A Computer",,None,In an apartment,Yes,,,Both - 50/50,Test results and reviews,1992,,,,,
26/03/2015 12:38:54,Male,Studying,"Books, Magazines","Novels, Thrillers, Comedies, Biographies, Comics, Scientific articles","Crime and gangster, Comedies, Thrillers, Documentaries, Art film","In a relationsship, but unmarried",I live alone,"A smartphone, An MP3-player, A Computer",,None,In an apartment,Yes,Less than 750 €,,Let your emotions alone decide,Test results and reviews,1994,,,,,
26/03/2015 14:06:40,Female,Part time,"Books, Newspapers","Novels, Thrillers","Crime and gangster, Comedies, Dramas, Thrillers, Documentaries, Romantic films",Married,Three,"A smartphone, A Computer",,Three,In a house,Yes,2000 - 3000 €,,Let rational thought decide more than emotions,Test results and reviews,1961,,,,,
26/03/2015 19:56:09,Female,Full time,Magazines,Novels,"Crime and gangster, Comedies, Romantic films",Single,Two,"A smartphone, A Computer",,None,In a house,Partially,3000 - 4000 €,,Let rational thought decide more than emotions,The brand,1994,,,,,
27/03/2015 06:49:17,Male,Unemployed,Specialist books,Scientific articles,"Comedies, Documentaries","In a relationsship, but unmarried",Two,"A smartphone, A tablet, An MP3-player, A Computer",,None,In an apartment,Yes,1000 - 1500 €,,Let your emotions alone decide,Test results and reviews,1993,,,,,
27/03/2015 15:51:36,Female,Full time,"Books, Newspapers, eBooks","Novels, Thrillers, Biographies","Comedies, Dramas, Romantic films","In a relationsship, but unmarried",Four or more,"A smartphone, A tablet, An MP3-player, A Computer, An eBook-reader",,None,In a house,Partially,Less than 750 €,,Both - 50/50,Test results and reviews,1963,,,,,
27/03/2015 17:22:50,Male,Studying,,,"Comedies, Documentaries",Single,I live alone,A smartphone,,None,In an apartment,Yes,1000 - 1500 €,,Both - 50/50,The price,1991,,,,,
29/03/2015 11:56:50,Male,Full time,"Newspapers, eBooks","Thrillers, Scientific articles",Sport,Married,Three,An eBook-reader,,Four or more,In an apartment,Partially,3000 - 4000 €,,Both - 50/50,The store,1945,,,,,
31/03/2015 09:11:16,Male,Full time,"Books, Magazines","Novels, Thrillers, Biographies","Crime and gangster, Comedies, Dramas, Thrillers","In a relationsship, but unmarried",Three,"A smartphone, A tablet, A Computer",,One,In a house,Partially,3000 - 4000 €,,Let rational thought decide more than emotions,Test results and reviews,1980,,,,,
31/03/2015 09:15:17,Female,Full time,"Books, Magazines, Newspapers","Novels, Thrillers, Comedies, Biographies","Comedies, Dramas, Romantic films","In a relationsship, but unmarried",Three,"A smartphone, A tablet, A Computer",,Two,In a house,Yes,,,Let rational thought decide more than emotions,Test results and reviews,1968,,,,,
31/03/2015 09:18:26,Female,Part time,"Books, Magazines",Comedies,"Comedies, Dramas, Thrillers, Romantic films",Married,Four or more,"A smartphone, A tablet",,Three,In a house,Partially,,,Both - 50/50,Test results and reviews,1979,,,,,
31/03/2015 09:41:55,Male,Full time,"Books, Newspapers","Thrillers, Biographies","Thrillers, Documentaries",Married,Two,"A smartphone, A tablet, A Computer, An eBook-reader",,Two,In a house,Partially,More than 4000 €,,Let rational thought decide more than emotions,The envy of others,1955,,,,,
31/03/2015 09:43:13,Female,Full time,"Books, Magazines","Novels, Thrillers, Comedies, Biographies, Scientific articles","Crime and gangster, Comedies, Dramas, Thrillers, Documentaries, Romantic films","In a relationsship, but unmarried",Two,"A smartphone, A tablet, A Computer",,None,In an apartment,Partially,,,Let emotions decide more than rational thought,Test results and reviews,1980,,,,,
31/03/2015 10:12:33,Male,Full time,"Books, Magazines, Newspapers","Novels, Thrillers, Comedies, Biographies","Crime and gangster, Comedies, Dramas, Thrillers",Married,Two,"A smartphone, A tablet, A Computer",,None,In a house,No,More than 4000 €,,Both - 50/50,Test results and reviews,1977,,,,,
31/03/2015 10:30:44,Male,Full time,"Books, Magazines, Newspapers, Specialist books","Thrillers, Scientific articles","Crime and gangster, Dramas, Documentaries",Married,Four or more,"A tablet, A Computer",,Two,In a house,Partially,,,Both - 50/50,Test results and reviews,1970,,,,,
31/03/2015 16:17:45,Male,Full time,"Books, Magazines, Newspapers, Specialist books, eBooks","Novels, Thrillers, Biographies, Scientific articles","Dramas, Thrillers, Documentaries",Married,Two,"A smartphone, A tablet, An MP3-player, A Computer, An eBook-reader",,Three,In a house,Partially,More than 4000 €,,Let rational thought decide more than emotions,Test results and reviews,1960,,,,,
31/03/2015 21:17:12,Male,Full time,"Books, Magazines, Newspapers","Biographies, Scientific articles","Crime and gangster, Dramas, Documentaries",Married,Two,"A smartphone, A tablet, An MP3-player, A Computer, An eBook-reader",,Two,In a house,Yes,More than 4000 €,,Let rational thought decide completely,Test results and reviews,1955,,,,,
01/04/2015 08:34:22,Female,Studying,"Books, eBooks",Comics,"Crime and gangster, Dramas, Thrillers",Single,I live alone,"A smartphone, A Computer",,None,In an apartment,Partially,Less than 750 €,,Let rational thought decide more than emotions,The brand,1989,,,,,
01/04/2015 12:38:21,Male,Studying with a study job,"Magazines, Specialist books, eBooks",Scientific articles,"Crime and gangster, Comedies, Sport, Thrillers, Documentaries","In a relationsship, but unmarried",I live alone,"A smartphone, An MP3-player, A Computer",,None,In an apartment,Yes,1000 - 1500 €,,Let rational thought decide completely,Test results and reviews,1988,,,,,
02/04/2015 15:08:50,Male,Studying,"Books, eBooks","Novels, Thrillers, Comics","Crime and gangster, Comedies, Thrillers, Documentaries",Single,Four or more,"A smartphone, A Computer",,None,In a shared apartment,Partially,Less than 750 €,,Let rational thought decide more than emotions,Test results and reviews,1995,,,,,
07/04/2015 22:59:49,Male,Studying,Magazines,Scientific articles,"Dramas, Documentaries",Single,Four or more,"A smartphone, A Computer",,None,In an apartment,Partially,Less than 750 €,,Both - 50/50,The price,1992,,,,,
08/04/2015 13:01:51,Male,Studying with a study job,Newspapers,"Comics, Scientific articles","Thrillers, Documentaries",Single,Four or more,"A smartphone, An MP3-player, A Computer",,None,In a house,Partially,Less than 750 €,,Let rational thought decide more than emotions,Test results and reviews,1993,,,,,
08/04/2015 13:30:16,Male,Studying with a study job,"Books, Newspapers, eBooks","Comedies, Scientific articles","Comedies, Thrillers, Documentaries",It's complicated,I live alone,"A smartphone, A Computer",,None,In an apartment,Yes,750 -1000 €,,Let rational thought decide completely,Test results and reviews,1985,,,,,
08/04/2015 13:34:25,Male,Full time,Books,"Comedies, Comics","Crime and gangster, Comedies, Documentaries",Single,Three,"A smartphone, An MP3-player, A Computer",,None,In a house,Partially,Less than 750 €,,Let rational thought decide more than emotions,The price,1985,,,,,
08/04/2015 13:42:31,Male,Studying with a study job,Specialist books,"Comedies, Scientific articles","Comedies, Thrillers",Single,Three,"A smartphone, A tablet, An MP3-player, A Computer",,None,In a house,Partially,More than 4000 €,,Both - 50/50,Test results and reviews,1997,,,,,
08/04/2015 14:15:44,Male,Full time,"Books, eBooks","Novels, Thrillers, Scientific articles","Crime and gangster, Documentaries",Single,Four or more,"A smartphone, A tablet, An MP3-player, A Computer, An eBook-reader",,None,In a house,Partially,1500 - 2000 €,,Both - 50/50,Test results and reviews,1977,,,,,
08/04/2015 14:48:52,Male,Studying,"Books, Newspapers, Specialist books","Novels, Thrillers, Comics, Scientific articles","Dramas, Thrillers",Single,Three,"A smartphone, A Computer",,None,In a house,No,Less than 750 €,,Let rational thought decide more than emotions,Test results and reviews,1991,,,,,
08/04/2015 15:08:44,Male,Studying with a study job,"Magazines, Newspapers, Specialist books","Novels, Comedies, Comics, Scientific articles","Crime and gangster, Comedies, Documentaries",Single,I live alone,"A smartphone, An MP3-player, A Computer",,None,In an apartment,Partially,Less than 750 €,,Let rational thought decide more than emotions,The price,1989,,,,,
08/04/2015 15:56:58,Male,Full time,"Books, eBooks","Novels, Comics","Crime and gangster, Comedies, Documentaries",Single,I live alone,"A smartphone, A tablet, A Computer, An eBook-reader",,None,In an apartment,Yes,1000 - 1500 €,,Both - 50/50,Test results and reviews,1989,,,,,
08/04/2015 16:00:49,Male,Unemployed,"Books, Specialist books, eBooks","Novels, Thrillers, Comedies, Comics","Dramas, Thrillers, Documentaries",Single,I live alone,"An MP3-player, A Computer",,None,In an apartment,Yes,,,Let rational thought decide completely,Test results and reviews,1976,,,,,
08/04/2015 16:49:57,Male,Full time,,,"Comedies, Thrillers",Single,Four or more,"A smartphone, An MP3-player, A Computer",,None,In a house,No,Less than 750 €,,Both - 50/50,Test results and reviews,1984,,,,,
08/04/2015 17:04:20,Male,Unemployed,"Books, Magazines, Newspapers","Novels, Thrillers, Biographies, Scientific articles","Crime and gangster, Comedies, Dramas, Sport, Documentaries",Married,Four or more,"A smartphone, A tablet, A Computer",,Two,In a mansion or larger home,Partially,More than 4000 €,,Let rational thought decide more than emotions,Test results and reviews,1969,,,,,
08/04/2015 17:15:42,Male,Studying,Books,"Novels, Thrillers, Biographies, Comics, Scientific articles","Crime and gangster, Comedies, Dramas, Thrillers, Documentaries, Art film",Single,Two,"A smartphone, An MP3-player, A Computer",,None,In a house,Partially,2000 - 3000 €,,Let emotions decide more than rational thought,Test results and reviews,1990,,,,,
08/04/2015 17:25:35,Male,Full time,Books,"Novels, Thrillers, Comedies, Scientific articles","Comedies, Dramas, Thrillers, Documentaries",Single,Four or more,"A smartphone, An MP3-player, A Computer",,None,In a house,Partially,1000 - 1500 €,,Both - 50/50,Test results and reviews,1991,,,,,
08/04/2015 17:38:12,Male,Unemployed,Books,"Novels, Comics, Scientific articles","Comedies, Sport, Documentaries","In a relationsship, but unmarried",Two,"A smartphone, A tablet, A Computer",,Two,In a house,Partially,750 -1000 €,,Both - 50/50,The price,1977,,,,,
08/04/2015 17:48:25,Male,Full time,"Books, Magazines, Newspapers, Specialist books, eBooks","Novels, Scientific articles","Comedies, Documentaries","In a relationsship, but unmarried",Two,"A smartphone, A tablet, A Computer, An eBook-reader",,None,In a house,Partially,More than 4000 €,,Let rational thought decide more than emotions,Test results and reviews,1970,,,,,
08/04/2015 18:13:09,Male,Full time,"Books, eBooks","Novels, Thrillers, Comedies, Scientific articles","Comedies, Dramas, Thrillers","In a relationsship, but unmarried",Two,"A smartphone, A tablet, An MP3-player, A Computer, An eBook-reader",,One,In a house,Partially,1500 - 2000 €,,Let emotions decide more than rational thought,Test results and reviews,1982,,,,,
08/04/2015 18:27:04,Male,Studying with a study job,"Books, Magazines, Newspapers, eBooks","Novels, Thrillers, Comics","Comedies, Dramas, Sport, Thrillers, Romantic films",Single,Three,"A smartphone, A tablet, A Computer, An eBook-reader",,None,In a mansion or larger home,No,Less than 750 €,,Both - 50/50,Test results and reviews,1989,,,,,
08/04/2015 18:49:53,Male,Full time,"Books, Newspapers, Specialist books",Scientific articles,"Crime and gangster, Comedies, Dramas, Sport, Thrillers, Documentaries, Romantic films",Married,Four or more,"A smartphone, A tablet, An MP3-player, A Computer, An eBook-reader",,Two,In a mansion or larger home,Partially,More than 4000 €,,Both - 50/50,Test results and reviews,1973,,,,,
08/04/2015 19:16:27,Male,Part time,"Newspapers, Specialist books",Scientific articles,"Crime and gangster, Comedies, Dramas, Thrillers, Documentaries","In a relationsship, but unmarried",Two,"A smartphone, A tablet, A Computer",,None,In a mansion or larger home,Partially,2000 - 3000 €,,Let rational thought decide more than emotions,Test results and reviews,1993,,,,,
08/04/2015 19:42:55,Male,Studying,Books,Novels,"Comedies, Thrillers, Documentaries","In a relationsship, but unmarried",Four or more,"A smartphone, A Computer, An eBook-reader",,None,In a house,No,Less than 750 €,,Let rational thought decide more than emotions,Test results and reviews,1999,,,,,
08/04/2015 20:07:19,Male,Studying,"Books, Newspapers","Novels, Scientific articles","Comedies, Documentaries",Single,Three,"A smartphone, An MP3-player, A Computer, An eBook-reader",,None,In an apartment,No,3000 - 4000 €,,Let rational thought decide more than emotions,Test results and reviews,1996,,,,,
08/04/2015 20:19:04,Male,Full time,,Comics,"Crime and gangster, Comedies, Dramas, Thrillers, Documentaries, Art film",Single,Four or more,"A smartphone, A tablet, A Computer",,None,In a house,Partially,Less than 750 €,,Let rational thought decide more than emotions,Test results and reviews,1988,,,,,
08/04/2015 22:02:58,Male,Unemployed,"Books, Specialist books",Novels,"Crime and gangster, Comedies, Documentaries",Single,I live alone,"A smartphone, An MP3-player, A Computer",,None,In an apartment,Yes,750 -1000 €,,Let rational thought decide completely,The price,1984,,,,,
08/04/2015 23:44:19,Male,Full time,"Books, Magazines, Newspapers, Specialist books","Novels, Comics, Scientific articles","Comedies, Documentaries",Married,Four or more,"A smartphone, A tablet, An MP3-player, A Computer",,Two,In a house,Partially,More than 4000 €,,Let rational thought decide more than emotions,Test results and reviews,1987,,,,,
09/04/2015 00:01:16,Male,Full time,Books,Novels,"Comedies, Dramas",Single,Four or more,"A smartphone, A Computer",,None,In a house,Partially,1000 - 1500 €,,Let your emotions alone decide,The store,1987,,,,,
09/04/2015 00:45:45,Male,Full time,"Books, Specialist books","Novels, Scientific articles","Crime and gangster, Comedies, Thrillers","In a relationsship, but unmarried",Four or more,"A smartphone, An MP3-player, A Computer",,None,In a house,Partially,1000 - 1500 €,,Let rational thought decide more than emotions,Test results and reviews,1989,,,,,
09/04/2015 07:56:34,Male,Full time,"Books, Magazines, Newspapers",Scientific articles,"Comedies, Thrillers, Documentaries",Married,Four or more,"A smartphone, A tablet, A Computer",,Two,In a house,Yes,2000 - 3000 €,,Let rational thought decide more than emotions,Test results and reviews,1978,,,,,
09/04/2015 10:45:12,Male,Full time,"Books, Magazines, Newspapers, Specialist books, eBooks","Novels, Scientific articles",Documentaries,Single,I live alone,"A smartphone, A tablet, An MP3-player, A Computer, An eBook-reader",,None,In a house,Yes,More than 4000 €,,Both - 50/50,Test results and reviews,1982,,,,,
09/04/2015 12:02:10,Male,Studying,"Books, Newspapers, eBooks","Novels, Thrillers, Scientific articles","Crime and gangster, Thrillers, Documentaries",Single,Two,"A tablet, A Computer",,None,In a shared apartment,Yes,750 -1000 €,,Both - 50/50,Test results and reviews,1992,,,,,
09/04/2015 12:44:01,Male,Full time,"Books, Newspapers, eBooks","Novels, Comics","Comedies, Documentaries",Single,I live alone,"A smartphone, A Computer, An eBook-reader",,None,In an apartment,Yes,3000 - 4000 €,,Let rational thought decide more than emotions,Test results and reviews,1984,,,,,
09/04/2015 17:26:32,Male,Full time,"Books, Magazines, Newspapers, Specialist books, eBooks","Novels, Comedies, Comics","Crime and gangster, Comedies, Thrillers",Married,Four or more,"A smartphone, A tablet, A Computer",,Two,In an apartment,Yes,3000 - 4000 €,,Let rational thought decide more than emotions,Test results and reviews,1984,,,,,
09/04/2015 18:33:16,Male,Part time,"Books, Magazines, Specialist books, eBooks","Novels, Thrillers, Comedies, Comics","Crime and gangster, Comedies, Thrillers, Documentaries, Art film",Married,Four or more,"A smartphone, A tablet, A Computer",,Two,In a house,Partially,More than 4000 €,,Let rational thought decide completely,Test results and reviews,1970,,,,,
10/04/2015 01:04:58,Male,Full time,"Books, eBooks","Novels, Thrillers","Crime and gangster, Comedies, Dramas, Thrillers, Documentaries","In a relationsship, but unmarried",Two,"A smartphone, An MP3-player, A Computer, An eBook-reader",,None,In a house,Partially,1000 - 1500 €,,Let rational thought decide more than emotions,The price,1992,,,,,
12/04/2015 08:38:54,Female,Studying with a study job,Books,"Novels, Thrillers","Comedies, Romantic films",Single,I live alone,"A smartphone, A Computer",,None,In an apartment,No,,,Let your emotions alone decide,The brand,1995,,,,,
12/04/2015 16:23:54,Male,Studying,Books,"Novels, Thrillers","Crime and gangster, Comedies, Dramas, Sport, Thrillers","In a relationsship, but unmarried",Three,"A smartphone, A tablet, A Computer",,None,In a shared apartment,Partially,750 -1000 €,,Both - 50/50,Test results and reviews,1992,,,,,